-- phpMyAdmin SQL Dump
-- version 4.0.9
-- http://www.phpmyadmin.net
--
-- Servidor: 127.0.0.1
-- Tiempo de generación: 25-02-2014 a las 19:38:47
-- Versión del servidor: 5.6.14
-- Versión de PHP: 5.5.6

SET SQL_MODE = "NO_AUTO_VALUE_ON_ZERO";
SET time_zone = "+00:00";


/*!40101 SET @OLD_CHARACTER_SET_CLIENT=@@CHARACTER_SET_CLIENT */;
/*!40101 SET @OLD_CHARACTER_SET_RESULTS=@@CHARACTER_SET_RESULTS */;
/*!40101 SET @OLD_COLLATION_CONNECTION=@@COLLATION_CONNECTION */;
/*!40101 SET NAMES utf8 */;

--
-- Base de datos: `cuestionario`
--

-- --------------------------------------------------------

--
-- Estructura de tabla para la tabla `answers`
--

CREATE TABLE IF NOT EXISTS `answers` (
  `id_answer` int(10) unsigned NOT NULL AUTO_INCREMENT,
  `id_user` int(10) unsigned NOT NULL DEFAULT '0',
  `id_question` tinyint(3) unsigned NOT NULL DEFAULT '0',
  `answers` text NOT NULL,
  PRIMARY KEY (`id_answer`),
  KEY `fk_answers_users_idx` (`id_user`),
  KEY `fk_answers_questions1_idx` (`id_question`)
) ENGINE=InnoDB  DEFAULT CHARSET=utf8 AUTO_INCREMENT=204211 ;

--
-- Volcado de datos para la tabla `answers`
--

INSERT INTO `answers` (`id_answer`, `id_user`, `id_question`, `answers`) VALUES
(2167, 6, 1, '{"p_1_1":"si","p_1_2":"si"}'),
(2168, 6, 3, '{"p_3":"E"}'),
(2169, 6, 4, '{"p_4":"B"}'),
(2170, 6, 5, '{"p_5":"C"}'),
(2171, 6, 6, '{"p_6_b":"1","p_6_c":"1"}'),
(2172, 6, 7, '{"p_7":"si"}'),
(2173, 6, 8, '{"p_8":"si"}'),
(2174, 6, 10, '{"p_10":"si"}'),
(2175, 6, 11, '{"p_11":"C"}'),
(2176, 6, 12, '{"p_12_a":"B","p_12_b":"B","p_12_c":"C","p_12_d":"B","p_12_e":"B","p_12_f":"C","p_12_g":"C","p_12_h":"C","p_12_i":"D","p_12_j":"B","p_12_k":"B","p_12_l":"A","p_12_m":"B","p_12_n":"C","p_12_o":"C","p_12_p":"C","p_12_q":"B","p_12_r":"B","p_12_s":"B"}'),
(2177, 6, 13, '{"p_13":"no"}'),
(2178, 6, 14, '{"p_14_d":"1","p_14_e":"1"}'),
(2179, 6, 15, '{"p_15":"C"}'),
(2180, 6, 18, '{"p_18_a":"A","p_18_b":"C","p_18_c":"B","p_18_d":"A","p_18_e":"A","p_18_f":"C","p_18_g":"D","p_18_h":"B","p_18_i":"B","p_18_j":"B","p_18_k":"B"}'),
(2181, 6, 19, '{"p_19":"si"}'),
(2182, 6, 20, '{"p_20_a":"si","p_20_b":"no sabe","p_20_c":"si","p_20_d":"no","p_20_e":"si","p_20_f":"no","p_20_g":"no","p_20_h":"no","p_20_i":"si","p_20_j":"si","p_20_k":"si","p_20_l":"no","p_20_m":"no"}'),
(2183, 6, 21, '{"p_21":"no"}'),
(2184, 6, 23, '{"p_23":"C"}'),
(2185, 6, 24, '{"p_24":"B"}'),
(2186, 6, 25, '{"p_25_a":"si","p_25_b":"no","p_25_c":"si","p_25_d":"no","p_25_e":"no"}'),
(2187, 6, 26, '{"p_26_a":"si","p_26_b":"no","p_26_c":"no","p_26_d":"no"}'),
(2188, 6, 27, '{"p_27":"C"}'),
(2189, 6, 28, '{"p_28_a":"si","p_28_b":"no","p_28_c":"no"}'),
(2190, 6, 30, '{"p_30_a":"no","p_30_b":"no sabe","p_30_c":"si","p_30_d":"no sabe","p_30_e":"si"}'),
(2191, 6, 31, '{"p_31":"no"}'),
(2192, 6, 33, '{"p_33_a":"si","p_33_b":"no sabe","p_33_c":"si"}'),
(2193, 6, 34, '{"p_34":"A"}'),
(2194, 6, 35, '{"p_35_a":"si","p_35_b":"si","p_35_c":"no","p_35_d":"si","p_35_e":"si","p_35_f":"no","p_35_g":"si","p_35_h":"si","p_35_i":"si","p_35_j":"si","p_35_k":"si","p_35_l":"no sabe"}'),
(2195, 6, 36, '{"p_36":"si"}'),
(2196, 6, 37, '{"p_37":"si"}'),
(2197, 6, 39, '{"p_39":"si"}'),
(2198, 6, 40, '{"p_40_c":"1"}'),
(2199, 6, 41, '{"p_41":"si"}'),
(2336, 6, 42, '{"p_42_a":"demasiado sesgado a la importancia de los n\\u00fameros","p_42_b":"criterios muy cuantitativos"}'),
(15734, 33, 1, '{"p_1_1":"si","p_1_2":"si"}'),
(15735, 33, 3, '{"p_3":"A"}'),
(15736, 33, 4, '{"p_4":"A"}'),
(15737, 33, 5, '{"p_5":"B"}'),
(15738, 33, 7, '{"p_7":"no sabe"}'),
(15739, 33, 8, '{"p_8":"no sabe"}'),
(15771, 33, 10, '{"p_10":"si"}'),
(15772, 33, 11, '{"p_11":"C"}'),
(15773, 33, 12, '{"p_12_a":"A","p_12_b":"B","p_12_c":"C","p_12_d":"A","p_12_e":"B","p_12_f":"A","p_12_g":"B","p_12_h":"B","p_12_i":"B","p_12_j":"B","p_12_k":"B","p_12_l":"B","p_12_m":"C","p_12_n":"C","p_12_o":"B","p_12_p":"B","p_12_q":"B","p_12_r":"B","p_12_s":"E"}'),
(15774, 33, 13, '{"p_13":"si"}'),
(25667, 27, 1, '{"p_1_1":"no","p_1_2":"no"}'),
(25668, 27, 2, '{"p_2":"C"}'),
(25669, 27, 3, '{"p_3":"A"}'),
(25670, 27, 4, '{"p_4":"A"}'),
(25671, 27, 5, '{"p_5":"C"}'),
(25672, 27, 6, '{"p_6_c":"1","p_6_d":"1"}'),
(25673, 27, 7, '{"p_7":"si"}'),
(25674, 27, 8, '{"p_8":"si"}'),
(25675, 27, 12, '{"p_12_a":"A","p_12_b":"A","p_12_c":"C","p_12_d":"A","p_12_e":"A","p_12_f":"A","p_12_g":"C","p_12_h":"A","p_12_i":"D","p_12_j":"A","p_12_k":"A","p_12_l":"A","p_12_m":"B","p_12_n":"C","p_12_o":"B","p_12_p":"D","p_12_q":"B","p_12_r":"B","p_12_s":"A"}'),
(25676, 27, 15, '{"p_15":"A"}'),
(25677, 27, 16, '{"p_16_b":"1","p_16_d":"1"}'),
(25678, 27, 18, '{"p_18_a":"A","p_18_b":"C","p_18_c":"C","p_18_d":"A","p_18_e":"A","p_18_f":"D","p_18_g":"C","p_18_h":"B","p_18_i":"A","p_18_j":"A","p_18_k":"C"}'),
(25679, 27, 19, '{"p_19":"si"}'),
(25680, 27, 20, '{"p_20_a":"si","p_20_b":"no","p_20_c":"no","p_20_d":"no","p_20_e":"si","p_20_f":"no","p_20_g":"no","p_20_h":"no","p_20_i":"si","p_20_j":"si","p_20_k":"si","p_20_l":"no","p_20_m":"si"}'),
(25681, 27, 21, '{"p_21":"si"}'),
(25682, 27, 22, '{"p_22_a":"1","p_22_b":"1"}'),
(25683, 27, 23, '{"p_23":"A"}'),
(25684, 27, 24, '{"p_24":"C"}'),
(25685, 27, 25, '{"p_25_a":"no","p_25_b":"no","p_25_c":"si","p_25_d":"no","p_25_e":"si"}'),
(25686, 27, 26, '{"p_26_a":"si","p_26_b":"si","p_26_c":"si","p_26_d":"si"}'),
(25687, 27, 27, '{"p_27":"B"}'),
(25688, 27, 28, '{"p_28_a":"no","p_28_b":"si","p_28_c":"si"}'),
(25689, 27, 29, '{"p_29_a":"1","p_29_c":"1"}'),
(25690, 27, 30, '{"p_30_a":"no","p_30_b":"no","p_30_c":"si","p_30_d":"si","p_30_e":"no"}'),
(25691, 27, 31, '{"p_31":"si"}'),
(25692, 27, 32, '{"p_32_b":"1"}'),
(25693, 27, 33, '{"p_33_a":"si","p_33_b":"no","p_33_c":"no"}'),
(25694, 27, 34, '{"p_34":"A"}'),
(25695, 27, 35, '{"p_35_a":"si","p_35_b":"no","p_35_c":"si","p_35_d":"si","p_35_e":"no","p_35_f":"si","p_35_g":"no","p_35_h":"no","p_35_i":"no","p_35_j":"no","p_35_k":"si","p_35_l":"si"}'),
(25696, 27, 36, '{"p_36":"si"}'),
(25697, 27, 39, '{"p_39":"si"}'),
(25698, 27, 40, '{"p_40_a":"1","p_40_c":"1"}'),
(25699, 27, 41, '{"p_41":"si"}'),
(25700, 27, 42, '{"p_42_a":"Las evaluaciones deben realizarse en un  tiempo limitado, esto provoca que en la mayor\\u00eda de los casos sean superficiales.","p_42_b":"En muchas ocasiones se tiene la tendencia a emplear criterios num\\u00e9ricos, ello no me parece adecuado y agrava las deformaciones en el quehacer de la investigaci\\u00f3n. Por otra parte, la docencia queda relegada totalmente."}'),
(25701, 27, 43, '{"p_43_observaciones":"Si bien, el SNI se ha concebido para apuntalar el sistema de investigaci\\u00f3n en el pa\\u00eds a mi me parece que deber\\u00eda considerarse tanto la docencia como la difusi\\u00f3n, con una mayor relevancia en el quehacer de los investigadores. Es importante que la investigaci\\u00f3n sea conocida y que el efecto multiplicativo de la docencia pueda llegar a \\u00e1mbitos de mayor alcance. La elecci\\u00f3n m\\u00faltiple en estos cuestionarios siempre deja fuera la opini\\u00f3n directa de los participantes en ella."}'),
(25897, 27, 10, '{"p_10":"no"}'),
(25899, 27, 11, '{"p_11":"D"}'),
(26175, 27, 13, '{"p_13":"no"}'),
(26176, 27, 14, '{"p_14_c":"1","p_14_d":"1"}'),
(26886, 27, 37, '{"p_37":"si"}'),
(67606, 20, 1, '{"p_1_1":"si","p_1_2":"si"}'),
(67607, 20, 3, '{"p_3":"D"}'),
(67608, 20, 4, '{"p_4":"B"}'),
(67609, 20, 5, '{"p_5":"B"}'),
(67610, 20, 7, '{"p_7":"si"}'),
(67611, 20, 8, '{"p_8":"no sabe"}'),
(67612, 20, 10, '{"p_10":"no"}'),
(67613, 20, 11, '{"p_11":"C"}'),
(67614, 20, 12, '{"p_12_a":"A","p_12_b":"A","p_12_c":"B","p_12_d":"C","p_12_e":"B","p_12_f":"B","p_12_g":"C","p_12_h":"B","p_12_i":"C","p_12_j":"B","p_12_k":"B","p_12_l":"A","p_12_m":"B","p_12_n":"C","p_12_o":"B","p_12_p":"B","p_12_q":"B","p_12_r":"A","p_12_s":"E"}'),
(67615, 20, 13, '{"p_13":"si"}'),
(67616, 20, 15, '{"p_15":"A"}'),
(67617, 20, 16, '{"p_16_c":"1","p_16_d":"1"}'),
(67618, 20, 18, '{"p_18_a":"A","p_18_b":"C","p_18_c":"A","p_18_d":"C","p_18_e":"A","p_18_f":"A","p_18_g":"C","p_18_h":"B","p_18_i":"C","p_18_j":"B","p_18_k":"D"}'),
(67619, 20, 19, '{"p_19":"si"}'),
(67620, 20, 20, '{"p_20_a":"si","p_20_b":"si","p_20_c":"si","p_20_d":"no sabe","p_20_e":"si","p_20_f":"si","p_20_g":"no","p_20_h":"si","p_20_i":"si","p_20_j":"si","p_20_k":"si","p_20_l":"no","p_20_m":"si"}'),
(67621, 20, 21, '{"p_21":"si"}'),
(67622, 20, 22, '{"p_22_a":"1","p_22_b":"1"}'),
(67623, 20, 23, '{"p_23":"C"}'),
(67624, 20, 24, '{"p_24":"C"}'),
(67625, 20, 25, '{"p_25_a":"si","p_25_b":"no","p_25_c":"si","p_25_d":"no sabe","p_25_e":"no sabe"}'),
(67626, 20, 26, '{"p_26_a":"no","p_26_b":"si","p_26_c":"no sabe","p_26_d":"no"}'),
(67627, 20, 27, '{"p_27":"C"}'),
(67628, 20, 28, '{"p_28_a":"si","p_28_b":"no sabe","p_28_c":"no sabe"}'),
(67629, 20, 30, '{"p_30_a":"no sabe","p_30_b":"no","p_30_c":"si","p_30_d":"si","p_30_e":"no sabe"}'),
(67630, 20, 31, '{"p_31":"no sabe"}'),
(67631, 20, 33, '{"p_33_a":"si","p_33_b":"no","p_33_c":"si"}'),
(67632, 20, 34, '{"p_34":"A"}'),
(67633, 20, 35, '{"p_35_a":"si","p_35_b":"si","p_35_c":"no sabe","p_35_d":"si","p_35_e":"si","p_35_f":"si","p_35_g":"si","p_35_h":"no sabe","p_35_i":"si","p_35_j":"no sabe","p_35_k":"si","p_35_l":"no sabe"}'),
(67634, 20, 36, '{"p_36":"si"}'),
(67635, 20, 37, '{"p_37":"si"}'),
(67636, 20, 39, '{"p_39":"si"}'),
(67637, 20, 40, '{"p_40_a":"1","p_40_b":"1","p_40_c":"1"}'),
(67638, 20, 41, '{"p_41":"si"}'),
(67639, 20, 42, '{"p_42_a":"Solamente fui \\\\\\"subcomisi\\u00f3n\\\\\\" y no pude conocer los procedimientos completos.\\r\\nEn general me parece que la forma en que oper\\u00f3 la comisi\\u00f3n en la que estuve fue adecuada.","p_42_b":"Se debe propiciar una especie de \\\\\\"balance\\\\\\" en el manejo de informaci\\u00f3n y criterios para evaluar."}'),
(117622, 14, 1, '{"p_1_1":"no sabe","p_1_2":"si"}'),
(117623, 14, 3, '{"p_3":"A"}'),
(117624, 14, 4, '{"p_4":"C"}'),
(117625, 14, 5, '{"p_5":"E"}'),
(117626, 14, 7, '{"p_7":"no sabe"}'),
(117627, 14, 8, '{"p_8":"no sabe"}'),
(117628, 14, 10, '{"p_10":"no"}'),
(117629, 14, 11, '{"p_11":"C"}'),
(117630, 14, 12, '{"p_12_a":"A","p_12_b":"A","p_12_c":"B","p_12_d":"A","p_12_e":"B","p_12_f":"B","p_12_g":"B","p_12_h":"A","p_12_i":"B","p_12_j":"B","p_12_k":"B","p_12_l":"B","p_12_m":"B","p_12_n":"B","p_12_o":"B","p_12_p":"B","p_12_q":"B","p_12_r":"A","p_12_s":"B"}'),
(117631, 14, 13, '{"p_13":"no"}'),
(117632, 14, 14, '{"p_14_c":"1","p_14_h":"1"}'),
(117709, 14, 18, '{"p_18_a":"A","p_18_b":"A","p_18_c":"B","p_18_d":"A","p_18_e":"A","p_18_f":"B","p_18_g":"D","p_18_h":"B","p_18_i":"A","p_18_j":"A","p_18_k":"A"}'),
(117876, 14, 19, '{"p_19":"si"}'),
(117877, 14, 20, '{"p_20_a":"si","p_20_b":"si","p_20_c":"no sabe","p_20_d":"no","p_20_e":"si","p_20_f":"si","p_20_g":"si","p_20_h":"si","p_20_i":"si","p_20_j":"no sabe","p_20_k":"si","p_20_l":"si","p_20_m":"si"}'),
(117878, 14, 21, '{"p_21":"si"}'),
(117879, 14, 22, '{"p_22_a":"1","p_22_b":"1"}'),
(117882, 14, 23, '{"p_23":"B"}'),
(117883, 14, 24, '{"p_24":"C"}'),
(117884, 14, 25, '{"p_25_a":"si","p_25_b":"si","p_25_c":"no","p_25_d":"no","p_25_e":"no"}'),
(117885, 14, 26, '{"p_26_a":"si","p_26_b":"no","p_26_c":"no","p_26_d":"no sabe"}'),
(117886, 14, 27, '{"p_27":"B"}'),
(117887, 14, 28, '{"p_28_a":"si","p_28_b":"no","p_28_c":"no"}'),
(117888, 14, 30, '{"p_30_a":"si","p_30_b":"no","p_30_c":"si","p_30_d":"si","p_30_e":"no sabe"}'),
(117889, 14, 31, '{"p_31":"no sabe"}'),
(117890, 14, 33, '{"p_33_a":"si","p_33_b":"si","p_33_c":"no sabe"}'),
(117891, 14, 34, '{"p_34":"A"}'),
(117892, 14, 35, '{"p_35_a":"si","p_35_b":"si","p_35_c":"no","p_35_d":"no","p_35_e":"si","p_35_f":"no sabe","p_35_g":"si","p_35_h":"no","p_35_i":"si","p_35_j":"si","p_35_k":"si","p_35_l":"si"}'),
(117893, 14, 36, '{"p_36":"si"}'),
(117894, 14, 37, '{"p_37":"si"}'),
(117942, 14, 39, '{"p_39":"no"}'),
(117943, 14, 43, '{"p_43_observaciones":"Creo que para incentivar el desarrollo e innovaci\\u00f3n tecnol\\u00f3gica, debiera darse mas peso que el que se da actualmente a esas actividades. O al menos clarificar cuantitativamente algunos puntos, como decir a cuantos art\\u00edculos indexados equivale una patente, o una innovaci\\u00f3n tecnol\\u00f3gica.\\r\\n\\r\\nTambi\\u00e9n ser\\u00eda conveniente dejar bien claros los aspectos cuantitativos de las evaluaciones en cada nivel."}'),
(117944, 14, 15, '{"p_15":"A"}'),
(117945, 14, 16, '{"p_16_b":"1","p_16_d":"1"}'),
(123586, 33, 15, '{"p_15":"C"}'),
(123587, 33, 18, '{"p_18_a":"B","p_18_b":"B","p_18_c":"B","p_18_d":"C","p_18_e":"C","p_18_f":"B","p_18_g":"B","p_18_h":"B","p_18_i":"B","p_18_j":"C","p_18_k":"B"}'),
(123588, 33, 19, '{"p_19":"no sabe"}'),
(123589, 33, 21, '{"p_21":"no"}'),
(123594, 33, 23, '{"p_23":"B"}'),
(123595, 33, 24, '{"p_24":"B"}'),
(123596, 33, 25, '{"p_25_a":"si","p_25_b":"si","p_25_c":"no","p_25_d":"no","p_25_e":"no"}'),
(123597, 33, 26, '{"p_26_a":"si","p_26_b":"no","p_26_c":"no","p_26_d":"no sabe"}'),
(123598, 33, 27, '{"p_27":"A"}'),
(123599, 33, 28, '{"p_28_a":"si","p_28_b":"no","p_28_c":"no"}'),
(123600, 33, 30, '{"p_30_a":"si","p_30_b":"no","p_30_c":"si","p_30_d":"no","p_30_e":"no sabe"}'),
(123601, 33, 31, '{"p_31":"no"}'),
(123602, 33, 33, '{"p_33_a":"no sabe","p_33_b":"no","p_33_c":"no"}'),
(123604, 33, 34, '{"p_34":"A"}'),
(123605, 33, 35, '{"p_35_a":"si","p_35_b":"si","p_35_c":"si","p_35_d":"si","p_35_e":"no","p_35_f":"si","p_35_g":"no","p_35_h":"no","p_35_i":"si","p_35_j":"no","p_35_k":"no","p_35_l":"no sabe"}'),
(123606, 33, 36, '{"p_36":"si"}'),
(123607, 33, 39, '{"p_39":"si"}'),
(123608, 33, 40, '{"p_40_a":"1","p_40_b":"1","p_40_c":"1"}'),
(123609, 33, 41, '{"p_41":"si"}'),
(123610, 33, 37, '{"p_37":"si"}'),
(123615, 33, 42, '{"p_42_a":"Una carga muy alta de casos a evaluar por los evaluadores.","p_42_b":"La plataforma de evaluaci\\u00f3n no es lo amigable que se quisiera."}'),
(168846, 5, 1, '{"p_1_1":"si","p_1_2":"si"}'),
(168847, 5, 3, '{"p_3":"A"}'),
(168848, 5, 4, '{"p_4":"B"}'),
(168849, 5, 5, '{"p_5":"B"}'),
(168850, 5, 7, '{"p_7":"si"}'),
(168851, 5, 8, '{"p_8":"si"}'),
(168863, 5, 12, '{"p_12_a":"A","p_12_b":"B","p_12_c":"C","p_12_d":"A","p_12_e":"A","p_12_f":"A","p_12_g":"A","p_12_h":"C","p_12_i":"B","p_12_j":"B","p_12_k":"B","p_12_l":"B","p_12_m":"B","p_12_n":"B","p_12_o":"B","p_12_p":"B","p_12_q":"B","p_12_r":"C"}'),
(168864, 5, 13, '{"p_13":"si"}'),
(168869, 5, 15, '{"p_15":"A"}'),
(168870, 5, 16, '{"p_16_b":"1","p_16_f":"1"}'),
(168871, 5, 18, '{"p_18_a":"A","p_18_b":"A","p_18_c":"D","p_18_d":"A","p_18_e":"A","p_18_f":"D","p_18_g":"D","p_18_h":"A","p_18_i":"B","p_18_j":"B","p_18_k":"A"}'),
(168872, 5, 19, '{"p_19":"no"}'),
(168925, 5, 23, '{"p_23":"A"}'),
(168926, 5, 24, '{"p_24":"C"}'),
(168927, 5, 25, '{"p_25_a":"si","p_25_b":"si","p_25_c":"no","p_25_d":"no","p_25_e":"no"}'),
(168928, 5, 26, '{"p_26_a":"no","p_26_b":"no","p_26_c":"no"}'),
(168929, 5, 27, '{"p_27":"B"}'),
(168938, 5, 28, '{"p_28_a":"si","p_28_b":"no","p_28_c":"no"}'),
(168939, 5, 30, '{"p_30_a":"si","p_30_b":"no","p_30_c":"si","p_30_d":"no"}'),
(168940, 5, 31, '{"p_31":"si"}'),
(168941, 5, 32, '{"p_32_a":"1"}'),
(168942, 5, 33, '{"p_33_a":"si","p_33_b":"no","p_33_c":"si"}'),
(168948, 5, 34, '{"p_34":"B"}'),
(168949, 5, 36, '{"p_36":"si"}'),
(168950, 5, 37, '{"p_37":"si"}'),
(168992, 5, 39, '{"p_39":"si"}'),
(168993, 5, 40, '{"p_40_a":"1","p_40_c":"1"}'),
(168994, 5, 41, '{"p_41":"si"}'),
(168995, 5, 42, '{"p_42_a":"No hay tiempo suficiente para hacer una evaluaci\\u00f3n de la calidad del trabajo de los investigadores"}'),
(171450, 19, 1, '{"p_1_2":"no"}'),
(171451, 19, 2, '{"p_2":"C"}'),
(171452, 19, 3, '{"p_3":"A"}'),
(171453, 19, 4, '{"p_4":"C"}'),
(171454, 19, 5, '{"p_5":"D"}'),
(171455, 19, 6, '{"p_6_c":"1","p_6_d":"1"}'),
(171456, 19, 7, '{"p_7":"no"}'),
(171457, 19, 8, '{"p_8":"no"}'),
(171458, 19, 9, '{"p_9":"C"}'),
(171459, 19, 10, '{"p_10":"no"}'),
(171460, 19, 11, '{"p_11":"C"}'),
(171461, 19, 12, '{"p_12_a":"A","p_12_b":"A","p_12_c":"A","p_12_d":"A","p_12_e":"A","p_12_f":"A","p_12_g":"A","p_12_h":"A","p_12_i":"A","p_12_j":"A","p_12_k":"A","p_12_l":"A","p_12_m":"B","p_12_n":"A","p_12_o":"A","p_12_p":"A","p_12_q":"A","p_12_r":"B"}'),
(171462, 19, 13, '{"p_13":"no"}'),
(171463, 19, 14, '{"p_14_c":"1","p_14_e":"1"}'),
(171464, 19, 15, '{"p_15":"C"}'),
(171465, 19, 18, '{"p_18_a":"A","p_18_b":"A","p_18_c":"A","p_18_d":"A","p_18_e":"B","p_18_f":"B","p_18_g":"C","p_18_h":"A","p_18_i":"B","p_18_j":"A","p_18_k":"C"}'),
(171466, 19, 19, '{"p_19":"si"}'),
(171467, 19, 20, '{"p_20_a":"si","p_20_b":"no","p_20_c":"no","p_20_d":"no","p_20_e":"si","p_20_f":"si","p_20_g":"no","p_20_h":"no","p_20_i":"si","p_20_j":"si","p_20_k":"si","p_20_l":"no","p_20_m":"si"}'),
(171468, 19, 21, '{"p_21":"si"}'),
(171469, 19, 22, '{"p_22_a":"1"}'),
(171470, 19, 23, '{"p_23":"A"}'),
(171471, 19, 24, '{"p_24":"A"}'),
(171472, 19, 25, '{"p_25_a":"si","p_25_b":"no","p_25_c":"si","p_25_d":"no","p_25_e":"si"}'),
(171473, 19, 26, '{"p_26_a":"no","p_26_b":"no","p_26_c":"no"}'),
(171474, 19, 27, '{"p_27":"B"}'),
(171475, 19, 28, '{"p_28_a":"si"}'),
(171476, 19, 30, '{"p_30_a":"si","p_30_b":"si","p_30_c":"no","p_30_d":"no","p_30_e":"no"}'),
(171477, 19, 31, '{"p_31":"si"}'),
(171478, 19, 32, '{"p_32_a":"1"}'),
(171479, 19, 33, '{"p_33_a":"si","p_33_b":"no","p_33_c":"si"}'),
(171480, 19, 34, '{"p_34":"B"}'),
(171481, 19, 36, '{"p_36":"si"}'),
(171482, 19, 39, '{"p_39":"si"}'),
(171483, 19, 40, '{"p_40_c":"1"}'),
(171484, 19, 42, '{"p_42_a":"La parcialidad de algunos evaluadores","p_42_b":"La mala integraci\\u00f3n de los expedientes"}'),
(187197, 9, 1, '{"p_1_1":"si","p_1_2":"si"}'),
(187198, 9, 3, '{"p_3":"A"}'),
(187199, 9, 4, '{"p_4":"C"}'),
(187200, 9, 5, '{"p_5":"C"}'),
(187201, 9, 6, '{"p_6_c":"1","p_6_d":"1"}'),
(187202, 9, 7, '{"p_7":"si"}'),
(187203, 9, 8, '{"p_8":"no"}'),
(187204, 9, 9, '{"p_9":"C"}'),
(187205, 9, 10, '{"p_10":"si"}'),
(187206, 9, 11, '{"p_11":"C"}'),
(187207, 9, 12, '{"p_12_a":"B","p_12_b":"B","p_12_c":"C","p_12_d":"A","p_12_e":"B","p_12_f":"A","p_12_g":"B","p_12_h":"A","p_12_i":"C","p_12_j":"B","p_12_k":"B","p_12_l":"B","p_12_m":"C","p_12_n":"C","p_12_o":"C","p_12_p":"C","p_12_q":"B","p_12_r":"A","p_12_s":"A"}'),
(187208, 9, 13, '{"p_13":"si"}'),
(187209, 9, 15, '{"p_15":"A"}'),
(187210, 9, 16, '{"p_16_b":"1","p_16_d":"1"}'),
(187211, 9, 18, '{"p_18_a":"A","p_18_b":"D","p_18_c":"A","p_18_d":"C","p_18_e":"B","p_18_f":"B","p_18_g":"C","p_18_h":"D","p_18_i":"A","p_18_j":"C","p_18_k":"D"}'),
(187212, 9, 21, '{"p_21":"si"}'),
(187213, 9, 22, '{"p_22_a":"1","p_22_c":"1","p_22_otros":"Conacyt, Academia Mexicana de Ciencias, SECITI-DF"}'),
(187214, 9, 25, '{"p_25_a":"si","p_25_b":"si","p_25_c":"no","p_25_d":"no sabe","p_25_e":"no"}'),
(187215, 9, 26, '{"p_26_a":"si","p_26_b":"si","p_26_c":"si","p_26_d":"no"}'),
(187216, 9, 27, '{"p_27":"C"}'),
(187217, 9, 28, '{"p_28_a":"si","p_28_b":"no","p_28_c":"si"}'),
(187218, 9, 29, '{"p_29_b":"1","p_29_d":"1"}'),
(187219, 9, 30, '{"p_30_a":"no","p_30_b":"no","p_30_c":"si","p_30_d":"si","p_30_e":"si"}'),
(187220, 9, 31, '{"p_31":"no"}'),
(187221, 9, 33, '{"p_33_a":"si","p_33_b":"no","p_33_c":"si"}'),
(187222, 9, 34, '{"p_34":"A"}'),
(187223, 9, 35, '{"p_35_a":"si","p_35_b":"si","p_35_c":"si","p_35_d":"si","p_35_e":"si","p_35_f":"si","p_35_g":"si","p_35_h":"no","p_35_i":"si","p_35_j":"si","p_35_k":"si","p_35_l":"si"}'),
(187224, 9, 36, '{"p_36":"si"}'),
(187225, 9, 37, '{"p_37":"si"}'),
(187288, 9, 39, '{"p_39":"si"}'),
(187289, 9, 40, '{"p_40_a":"1","p_40_b":"1","p_40_c":"1"}'),
(187290, 9, 41, '{"p_41":"si"}'),
(187291, 9, 42, '{"p_42_a":"Conviene privilegiar la evaluacion por pares y ampliar los tiempos de evaluacion.","p_42_b":"La velocidad de promoci\\u00f3n entre los investigadores j\\u00f3venes es muy lenta y por ello nos estamos convirtiendo en una comunidad de investigadores Nivel I."}'),
(187292, 9, 43, '{"p_43_observaciones":"Creo que convendr\\u00eda publicar informaci\\u00f3n estad\\u00edstica de manera regular sobre niveles de producci\\u00f3n\\/repercusi\\u00f3n (tanto en art\\u00edculos como en formaci\\u00f3n de recursos humanos) por \\u00e1rea\\/disciplina del conocimiento, asi como una medida de la velocidad de promoci\\u00f3n tambi\\u00e9n por \\u00e1rea\\/disciplina academica."}'),
(195419, 39, 1, '{"p_1_1":"si","p_1_2":"si"}'),
(195420, 39, 3, '{"p_3":"B"}'),
(195421, 39, 4, '{"p_4":"B"}'),
(195422, 39, 5, '{"p_5":"C"}'),
(195423, 39, 6, '{"p_6_c":"1","p_6_d":"1"}'),
(195424, 39, 7, '{"p_7":"si"}'),
(195425, 39, 8, '{"p_8":"no"}'),
(195426, 39, 9, '{"p_9":"C"}'),
(195427, 39, 10, '{"p_10":"no"}'),
(195428, 39, 11, '{"p_11":"D"}'),
(195429, 39, 12, '{"p_12_a":"A","p_12_b":"C","p_12_c":"D","p_12_d":"B","p_12_e":"A","p_12_f":"C","p_12_g":"C","p_12_h":"C","p_12_i":"C","p_12_j":"B","p_12_k":"B","p_12_l":"B","p_12_m":"A","p_12_n":"C","p_12_o":"B","p_12_p":"B","p_12_q":"B","p_12_r":"C"}'),
(195430, 39, 13, '{"p_13":"si"}'),
(195431, 39, 15, '{"p_15":"C"}'),
(195432, 39, 18, '{"p_18_a":"B","p_18_b":"B","p_18_c":"A","p_18_d":"B","p_18_e":"C","p_18_f":"B","p_18_g":"D","p_18_h":"C","p_18_i":"D","p_18_j":"C","p_18_k":"C"}'),
(195433, 39, 19, '{"p_19":"si"}'),
(195434, 39, 20, '{"p_20_a":"si","p_20_b":"no","p_20_c":"no","p_20_d":"no","p_20_e":"si","p_20_f":"no","p_20_g":"si","p_20_h":"no","p_20_i":"si","p_20_j":"si","p_20_k":"si","p_20_l":"si","p_20_m":"no"}'),
(195435, 39, 21, '{"p_21":"si"}'),
(195436, 39, 22, '{"p_22_c":"1","p_22_otros":"el juicio p\\u00fablico"}'),
(195437, 39, 23, '{"p_23":"B"}'),
(195438, 39, 24, '{"p_24":"B"}'),
(195439, 39, 25, '{"p_25_c":"si"}'),
(195440, 39, 26, '{"p_26_c":"si"}'),
(195441, 39, 27, '{"p_27":"C"}'),
(195442, 39, 28, '{"p_28_a":"si"}'),
(195443, 39, 30, '{"p_30_c":"si"}'),
(195444, 39, 31, '{"p_31":"no"}'),
(195445, 39, 33, '{"p_33_a":"si"}'),
(195446, 39, 34, '{"p_34":"A"}'),
(195447, 39, 35, '{"p_35_a":"si","p_35_f":"si","p_35_k":"si"}'),
(195448, 39, 36, '{"p_36":"si"}'),
(195449, 39, 37, '{"p_37":"si"}'),
(195450, 39, 39, '{"p_39":"si"}'),
(195451, 39, 40, '{"p_40_c":"1"}'),
(195452, 39, 41, '{"p_41":"no sabe"}'),
(195453, 39, 42, '{"p_42_a":"La no consideraci\\u00f3n del valor de una investigaci\\u00f3n en relaci\\u00f3n con su contenido y su importancia para M\\u00e9xico","p_42_b":"La aplicaci\\u00f3n de criterios de las ciencias naturales a las humanidades; en particular, el predominio de los psic\\u00f3logos, que realmente no debieran formar parte de las humanidades."}'),
(195454, 39, 43, '{"p_43_observaciones":"El SNi debiera hacer hincapi\\u00e9 en la evaluaci\\u00f3n del contenido de la investigaci\\u00f3n, en lugar de la cantidad de art\\u00edculos arbitrados.\\r\\nEl SNi debiera publicar una \\\\\\"Bibliograf\\u00eda cient\\u00edfica mexicana\\\\\\" a base de los t\\u00edtulos de obras reportados por los investigadores; eso dar\\u00eda una clara imagen del papel global de la ciencia en M\\u00e9xico y permitir\\u00eda evaluar en su conjunto las diferentes disciplinas."}'),
(203493, 26, 1, '{"p_1_1":"no","p_1_2":"no"}'),
(203494, 26, 2, '{"p_2":"C"}'),
(203495, 26, 3, '{"p_3":"B"}'),
(203496, 26, 4, '{"p_4":"A"}'),
(203566, 26, 5, '{"p_5":"D"}'),
(203567, 26, 6, '{"p_6_c":"1","p_6_d":"1"}'),
(203568, 26, 7, '{"p_7":"no"}'),
(203569, 26, 8, '{"p_8":"no"}'),
(203570, 26, 9, '{"p_9":"D"}'),
(203644, 26, 10, '{"p_10":"no"}'),
(203645, 26, 11, '{"p_11":"D"}'),
(203646, 26, 12, '{"p_12_a":"A","p_12_d":"D","p_12_e":"A","p_12_f":"A","p_12_g":"A","p_12_h":"A","p_12_i":"A","p_12_j":"C","p_12_k":"C","p_12_l":"A","p_12_m":"D","p_12_n":"A","p_12_o":"A","p_12_p":"B","p_12_q":"B","p_12_r":"D"}'),
(203647, 26, 13, '{"p_13":"si"}'),
(203705, 26, 15, '{"p_15":"A"}'),
(203706, 26, 16, '{"p_16_g":"1"}'),
(203707, 26, 18, '{"p_18_a":"A","p_18_b":"C","p_18_c":"A","p_18_d":"A","p_18_e":"E","p_18_f":"A","p_18_g":"E","p_18_h":"A","p_18_i":"C","p_18_j":"A","p_18_k":"E"}'),
(203714, 26, 19, '{"p_19":"si"}'),
(203715, 26, 20, '{"p_20_a":"si","p_20_b":"no","p_20_c":"si","p_20_d":"si","p_20_e":"si","p_20_f":"no","p_20_g":"no","p_20_h":"no","p_20_i":"si","p_20_j":"si","p_20_k":"no","p_20_l":"no","p_20_m":"si"}'),
(203730, 26, 21, '{"p_21":"si"}'),
(203731, 26, 22, '{"p_22_a":"1","p_22_b":"1"}'),
(203916, 26, 23, '{"p_23":"B"}'),
(203917, 26, 24, '{"p_24":"B"}'),
(203918, 26, 25, '{"p_25_a":"si","p_25_d":"si","p_25_e":"si"}'),
(203919, 26, 26, '{"p_26_a":"si","p_26_b":"si","p_26_c":"si","p_26_d":"si"}'),
(203920, 26, 27, '{"p_27":"D"}'),
(203934, 26, 28, '{"p_28_a":"si"}'),
(203935, 26, 30, '{"p_30_a":"si","p_30_b":"no","p_30_c":"si","p_30_d":"no","p_30_e":"no"}'),
(203936, 26, 31, '{"p_31":"si"}'),
(203937, 26, 32, '{"p_32_a":"1"}'),
(203938, 26, 33, '{"p_33_a":"si","p_33_b":"no","p_33_c":"si"}'),
(203953, 26, 34, '{"p_34":"B"}'),
(203954, 26, 36, '{"p_36":"no"}'),
(203955, 26, 37, '{"p_37":"si"}'),
(204207, 26, 39, '{"p_39":"si"}'),
(204208, 26, 40, '{"p_40_b":"1"}'),
(204209, 26, 41, '{"p_41":"si"}'),
(204210, 26, 42, '{"p_42_a":"El peso de alianzas entre evaluadores para favorecer o perjudicar a determinados postulantes","p_42_b":"La asignaci\\u00f3n incoherente de niveles en el SNI que no tienen relaci\\u00f3n con las carreras acad\\u00e9micas de los postulantes. As\\u00ed, pueden existir niveles 1 que deber\\u00edan ser 2 y niveles 2 que deber\\u00edan ser 3. Adem\\u00e1s, frecuentemente no existe un an\\u00e1lisis exhaustivo del CVU que genera injusticias flagrantes como el negar el acceso en la postulaci\\u00f3n inicial y otorgarlo despu\\u00e9s de la solicitud de reconsideraci\\u00f3n en circunstancias que si se hubiese estudiadio el CVU con cuidado se deber\\u00eda haber otorgado el ingreso desde el inicio."}');

-- --------------------------------------------------------

--
-- Estructura de tabla para la tabla `questions`
--

CREATE TABLE IF NOT EXISTS `questions` (
  `id_question` tinyint(3) unsigned NOT NULL AUTO_INCREMENT,
  `question` varchar(255) NOT NULL DEFAULT '',
  PRIMARY KEY (`id_question`)
) ENGINE=InnoDB  DEFAULT CHARSET=utf8 AUTO_INCREMENT=44 ;

--
-- Volcado de datos para la tabla `questions`
--

INSERT INTO `questions` (`id_question`, `question`) VALUES
(1, '¿En su opinión, la información que el SNI solicita al investigador sobre su desempeño es la necesaria para lograr un juicio académico apropiado?'),
(2, 'Si en la pregunta anterior respondió NO a una o ambas de las consideraciones, escoja una de las siguientes opciones:'),
(3, '¿Los períodos de evaluación del SNI para el reingreso vigente, permiten lograr resultados suficientes y relevantes en la investigación que Ud. realiza?'),
(4, 'Cuánto tiempo tuvo que destinar a la preparación de su último informe en el SNI para obtener el reingreso vigente? (Estimar en número aproximado de semanas)'),
(5, '¿Considera que los mecanismos de designación de los evaluadores permiten seleccionar los perfiles que garanticen una evaluación académica apropiada en su área de conocimiento?'),
(6, 'Si está poco de acuerdo o en desacuerdo en la pregunta anterior, escoja entre las siguientes causas las DOS principales:'),
(7, '¿Considera que los requisitos para ser  evaluador son pertinentes?'),
(8, '¿Considera que la manera en que se integran las comisiones dictaminadoras es adecuada?'),
(9, 'Si en la pregunta anterior contestó que NO, escoja UNA de las siguientes opciones.'),
(10, '¿Considera que los criterios de evaluación para cada categoría reconocen  los distintos perfiles de desempeño de los investigadores?'),
(11, '¿Considera que estos criterios le permiten asumir estrategias de investigación innovadoras?'),
(12, 'A continuación por favor opine sobre los siguientes criterios de evaluación'),
(13, '¿En las evaluaciones a las que se sometió ascendió en el sistema cuando lo solicitó o lo esperaba?'),
(14, 'Si en la pregunta anterior respondió NO ¿Considera usted que este dictamen desfavorable se debió a alguna o varias de las siguientes razones?. Escoja las DOS más importantes. Si no procede, pase a pregunta 15.'),
(15, '¿Qué efectos generó el SNI en su estrategia y desempeño como investigador?'),
(16, 'Si en la pregunta 15 contestó positivo, escoja DOS de las siguientes opciones'),
(17, 'Si en la pregunta 15 contestó negativamente DOS de las siguientes opciones'),
(18, '¿Qué opinión le merecen las siguientes propuestas acerca de los ámbitos y motivaciones de la generación de conocimiento? Complete el siguiente cuadro.'),
(19, '¿Considera que el mecanismo de evaluación del SNI debe reformarse?'),
(20, 'Si en la pregunta anterior contesto SI, complete el siguiente cuadro sobre las opciones para  mejorar su funcionamiento.'),
(21, '¿Ha sometido su desempeño académico (sin considerar los arbitrajes de sus artículos o proyectos) a evaluación en otras instancias distintas al SNI?'),
(22, 'Si en la pregunta anterior contesto SI, escoja entre las siguientes opciones.'),
(23, 'Cree usted que la evaluación del desempeño académico individual, tal como se realiza en su institución es:'),
(24, 'Los  mecanismos e instrumentos de evaluación del desempeño académico individual en su institución son:'),
(25, '¿Las instancias de evaluación del desempeño académico individual externas a su institución (SNI, PROMEP u otras) son?'),
(26, 'Existen algunas opiniones respecto de los resultados de la evaluación del desempeño académico en su institución en el sentido de que están sesgados por algún criterio prevaleciente. Nos interesa conocer su percepción al respecto:'),
(27, 'La forma de integrar y designar las comisiones dictaminadoras encargadas de la evaluación del desempeño académico individual en su institución le parece:'),
(28, 'Los mecanismos de evaluación del desempeño individual en su institución durante su carrera académica han sido:'),
(29, 'Si en la pregunta anterior contestó que los mecanismos de evaluación fueron distorsionadores, escoja DOS de las siguientes opciones, en caso contrario pase a la pregunta 30.'),
(30, 'Respecto de las relaciones interpersonales y el trabajo en grupo, usted considera que los mecanismos vigentes de evaluación individual en su institución cumplen con los siguientes aspectos:'),
(31, '¿Los mecanismos de evaluación individual del desempeño académico vigentes en su  institución han permitido un mejor desarrollo profesional?'),
(32, 'Si en la pregunta anterior su respuesta fue SI,  ¿Considera que esta mejora en el desarrollo profesional ha repercutido en el buen desarrollo institucional?'),
(33, 'El incremento de ingresos monetarios debido al pago de estímulos es:'),
(34, 'Tomando en cuenta los mecanismos vigentes de evaluación individual en su institución y los resultados generados, cree que este tipo de evaluación debe:'),
(35, 'Si en la pregunta anterior contestó que los mecanismos de evaluación individual de su institución deben modificarse, debería hacerse énfasis en:'),
(36, 'En caso de cumplir con los requisitos exigidos ¿ha sido invitado a participar en comisiones de evaluación del desempeño académico de individuos en su institución o en otra?'),
(37, 'Si nunca ha participado como evaluador, pero cumple con los requisitos exigidos, ¿aceptaría usted una invitación a fungir como tal?'),
(38, 'Si en la pregunta anterior su respuesta fue NO, ¿Por qué motivo?'),
(39, '¿Ha sido evaluador en el SIN u otro?'),
(40, 'En caso de haber participado como evaluador  ¿se ha sentido usted satisfecho con?'),
(41, 'Si participó usted como evaluador y ya no lo hace ¿volvería a desempeñarse en el mismo cargo en caso de ser requerido?'),
(42, '¿Percibe usted como evaluador algún defecto destacable en el o los procesos de evaluación individual de académicos en los que le ha tocado participar? Señale los dos más importantes.'),
(43, 'Observaciones');

-- --------------------------------------------------------

--
-- Estructura de tabla para la tabla `users`
--

CREATE TABLE IF NOT EXISTS `users` (
  `id_user` int(10) unsigned NOT NULL AUTO_INCREMENT,
  `nombre` text NOT NULL,
  `username` varchar(30) NOT NULL DEFAULT '',
  `password` varchar(60) NOT NULL DEFAULT '',
  `correo` varchar(50) NOT NULL DEFAULT '',
  `available` tinyint(1) NOT NULL DEFAULT '1',
  PRIMARY KEY (`id_user`)
) ENGINE=InnoDB  DEFAULT CHARSET=utf8 AUTO_INCREMENT=40 ;

--
-- Volcado de datos para la tabla `users`
--

INSERT INTO `users` (`id_user`, `nombre`, `username`, `password`, `correo`, `available`) VALUES
(5, 'AZAOLA GARRIDO  ELENA', '5', '30bb36657a781e084036b12fd45df671', 'eazaola@ciesas.edu.mx', 0),
(6, 'RAMÓN ROMERO  FIDEL ALBERTO', '7', '79c00bee0bc808d4957185cffdf219e8', 'fidelrr@servidor.unam.mx', 0),
(9, 'PEREZ ANGON  MIGUEL ANGEL', '18', '068cf37a7ed88b8dbf26aee946229561', 'mperez@fis.cinvestav.mx', 0),
(14, 'SANTIBÁÑEZ DAVILA  VICTOR ADRIAN', '26', '8f61e5a3170fdab9fefdf2f36a16bd65', 'vsantiba@itlalaguna.edu.mx', 0),
(19, 'HERNANDEZ-VELA SALGADO  EDMUNDO', '43', '5bbd8a0629ce69b688b479f839a85aab', 'hvela@unam.mx', 0),
(20, 'SANCHEZ RUIZ  ENRIQUE ERNESTO', '44', '0c97f2af9d52d37423b3ccc4ddbe77a6', 'enrisanchez@prodigy.net.mx', 0),
(26, 'ZAPATA SCHAFFELD  FRANCISCO JUAN', '62', '5e0bfd3d4937c8debc084829a0f771e7', 'zapata@colmex.mx', 0),
(27, 'VELASCO BELMONT  ROSA MARIA', '63', '063d3c13487bb308d8bd99aac6e153d8', 'rmvb@xanum.uam.mx', 0),
(33, 'MARINONE MOSCHETTO  SILVIO GUIDO LORENZO', '70', '2b6a323d06d9c3ac3a2c28277fffc278', 'marinone@cicese.mx', 0),
(39, 'LARA RAMOS  LUIS FERNANDO', '88', 'e174465994806df2cfa1ebe5dfaeb854', 'lara@colmex.mx', 0);

/*!40101 SET CHARACTER_SET_CLIENT=@OLD_CHARACTER_SET_CLIENT */;
/*!40101 SET CHARACTER_SET_RESULTS=@OLD_CHARACTER_SET_RESULTS */;
/*!40101 SET COLLATION_CONNECTION=@OLD_COLLATION_CONNECTION */;
